<?xml version="1.0" encoding="utf-8" ?>

<Defs>
<RecipeDef Abstract="True" Name="SurgeryFlesh">
    <effectWorking>Surgery</effectWorking>
    <soundWorking>Recipe_Surgery</soundWorking>
    <workSpeedStat>MedicalOperationSpeed</workSpeedStat>
    <workSkill>Medicine</workSkill>
    <workSkillLearnFactor>16</workSkillLearnFactor>
		<!--<dontShowIfAnyIngredientMissing>true</dontShowIfAnyIngredientMissing>-->
  </RecipeDef>
	
	<RecipeDef Name="SurgeryBasic" ParentName="SurgeryFlesh" Abstract="True">
		<surgerySuccessChanceFactor>1</surgerySuccessChanceFactor>
		<deathOnFailedSurgeryChance>0</deathOnFailedSurgeryChance>
		<recipeUsers>
			<li>Human</li>
			<li>Cat</li>
		</recipeUsers>
		<dontShowIfAnyIngredientMissing>true</dontShowIfAnyIngredientMissing>
	</RecipeDef>

	<RecipeDef ParentName="SurgeryBasic">
		<defName>InstallExplosiveImplant</defName>
		<label>install explosive implant</label>
		<description>Installs explosive implant.</description>
		<workerClass>Recipe_InstallImplant</workerClass>
		<jobString>Installing explosive implant.</jobString>
		<workAmount>3700</workAmount>
		<skillRequirements>
			<Medicine>8</Medicine>
		</skillRequirements>
		<ingredients>
			<li>
				<filter>
					<categories>
						<li>Medicine</li>
					</categories>
				</filter>
				<count>1</count>
			</li>
			<li>
				<filter>
					<thingDefs>
						<li>ExplosiveImplant</li>
					</thingDefs>
				</filter>
				<count>1</count>
			</li>
		</ingredients>
		<fixedIngredientFilter>
			<categories>
				<li>Medicine</li>
			</categories>
			<thingDefs>
				<li>ExplosiveImplant</li>
			</thingDefs>
		</fixedIngredientFilter>
		<appliedOnFixedBodyParts>
			<li>Brain</li>
		</appliedOnFixedBodyParts>
		<addsHediff>ExplosiveImplant</addsHediff>
	</RecipeDef>
</Defs>